IDADMIN1,IDADMIN2,ADMIN1,ADMIN2,REGION
11,1101,ACEH,SIMEULUE,SUMATERA
11,1102,ACEH,ACEH SINGKIL,SUMATERA
11,1103,ACEH,ACEH SELATAN,SUMATERA
11,1104,ACEH,ACEH TENGGARA,SUMATERA
11,1105,ACEH,ACEH TIMUR,SUMATERA
11,1106,ACEH,ACEH TENGAH,SUMATERA
11,1107,ACEH,ACEH BARAT,SUMATERA
11,1108,ACEH,ACEH BESAR,SUMATERA
11,1109,ACEH,PIDIE,SUMATERA
11,1110,ACEH,BIREUEN,SUMATERA
11,1111,ACEH,ACEH UTARA,SUMATERA
11,1112,ACEH,ACEH BARAT DAYA,SUMATERA
11,1113,ACEH,GAYO LUES,SUMATERA
11,1114,ACEH,ACEH TAMIANG,SUMATERA
11,1115,ACEH,NAGAN RAYA,SUMATERA
11,1116,ACEH,ACEH JAYA,SUMATERA
11,1117,ACEH,BENER MERIAH,SUMATERA
11,1118,ACEH,PIDIE JAYA,SUMATERA
11,1171,ACEH,KOTA BANDA ACEH,SUMATERA
11,1172,ACEH,KOTA SABANG,SUMATERA
11,1173,ACEH,KOTA LANGSA,SUMATERA
11,1174,ACEH,KOTA LHOKSEUMAWE,SUMATERA
11,1175,ACEH,KOTA SUBULUSSALAM,SUMATERA
12,1201,SUMATERA UTARA,NIAS,SUMATERA
12,1202,SUMATERA UTARA,MANDAILING NATAL,SUMATERA
12,1203,SUMATERA UTARA,TAPANULI SELATAN,SUMATERA
12,1204,SUMATERA UTARA,TAPANULI TENGAH,SUMATERA
12,1205,SUMATERA UTARA,TAPANULI UTARA,SUMATERA
12,1206,SUMATERA UTARA,TOBA SAMOSIR,SUMATERA
12,1207,SUMATERA UTARA,LABUHAN BATU,SUMATERA
12,1208,SUMATERA UTARA,ASAHAN,SUMATERA
12,1209,SUMATERA UTARA,SIMALUNGUN,SUMATERA
12,1210,SUMATERA UTARA,DAIRI,SUMATERA
12,1211,SUMATERA UTARA,KARO,SUMATERA
12,1212,SUMATERA UTARA,DELI SERDANG,SUMATERA
12,1213,SUMATERA UTARA,LANGKAT,SUMATERA
12,1214,SUMATERA UTARA,NIAS SELATAN,SUMATERA
12,1215,SUMATERA UTARA,HUMBANG HASUNDUTAN,SUMATERA
12,1216,SUMATERA UTARA,PAKPAK BHARAT,SUMATERA
12,1217,SUMATERA UTARA,SAMOSIR,SUMATERA
12,1218,SUMATERA UTARA,SERDANG BEDAGAI,SUMATERA
12,1219,SUMATERA UTARA,BATU BARA,SUMATERA
12,1220,SUMATERA UTARA,PADANG LAWAS UTARA,SUMATERA
12,1221,SUMATERA UTARA,PADANG LAWAS,SUMATERA
12,1222,SUMATERA UTARA,LABUHAN BATU SELATAN,SUMATERA
12,1223,SUMATERA UTARA,LABUHAN BATU UTARA,SUMATERA
12,1224,SUMATERA UTARA,NIAS UTARA,SUMATERA
12,1225,SUMATERA UTARA,NIAS BARAT,SUMATERA
12,1271,SUMATERA UTARA,KOTA SIBOLGA,SUMATERA
12,1272,SUMATERA UTARA,KOTA TANJUNG BALAI,SUMATERA
12,1273,SUMATERA UTARA,KOTA PEMATANG SIANTAR,SUMATERA
12,1274,SUMATERA UTARA,KOTA TEBING TINGGI,SUMATERA
12,1275,SUMATERA UTARA,KOTA MEDAN,SUMATERA
12,1276,SUMATERA UTARA,KOTA BINJAI,SUMATERA
12,1277,SUMATERA UTARA,KOTA PADANGSIDIMPUAN,SUMATERA
12,1278,SUMATERA UTARA,KOTA GUNUNGSITOLI,SUMATERA
13,1301,SUMATERA BARAT,KEPULAUAN MENTAWAI,SUMATERA
13,1302,SUMATERA BARAT,PESISIR SELATAN,SUMATERA
13,1303,SUMATERA BARAT,SOLOK,SUMATERA
13,1304,SUMATERA BARAT,SIJUNJUNG,SUMATERA
13,1305,SUMATERA BARAT,TANAH DATAR,SUMATERA
13,1306,SUMATERA BARAT,PADANG PARIAMAN,SUMATERA
13,1307,SUMATERA BARAT,AGAM,SUMATERA
13,1308,SUMATERA BARAT,LIMA PULUH KOTA,SUMATERA
13,1309,SUMATERA BARAT,PASAMAN,SUMATERA
13,1310,SUMATERA BARAT,SOLOK SELATAN,SUMATERA
13,1311,SUMATERA BARAT,DHARMASRAYA,SUMATERA
13,1312,SUMATERA BARAT,PASAMAN BARAT,SUMATERA
13,1371,SUMATERA BARAT,KOTA PADANG,SUMATERA
13,1372,SUMATERA BARAT,KOTA SOLOK,SUMATERA
13,1373,SUMATERA BARAT,KOTA SAWAH LUNTO,SUMATERA
13,1374,SUMATERA BARAT,KOTA PADANG PANJANG,SUMATERA
13,1375,SUMATERA BARAT,KOTA BUKITTINGGI,SUMATERA
13,1376,SUMATERA BARAT,KOTA PAYAKUMBUH,SUMATERA
13,1377,SUMATERA BARAT,KOTA PARIAMAN,SUMATERA
14,1401,RIAU,KUANTAN SINGINGI,SUMATERA
14,1402,RIAU,INDRAGIRI HULU,SUMATERA
14,1403,RIAU,INDRAGIRI HILIR,SUMATERA
14,1404,RIAU,PELALAWAN,SUMATERA
14,1405,RIAU,SIAK,SUMATERA
14,1406,RIAU,KAMPAR,SUMATERA
14,1407,RIAU,ROKAN HULU,SUMATERA
14,1408,RIAU,BENGKALIS,SUMATERA
14,1409,RIAU,ROKAN HILIR,SUMATERA
14,1410,RIAU,KEPULAUAN MERANTI,SUMATERA
14,1471,RIAU,KOTA PEKANBARU,SUMATERA
14,1473,RIAU,KOTA DUMAI,SUMATERA
15,1501,JAMBI,KERINCI,SUMATERA
15,1502,JAMBI,MERANGIN,SUMATERA
15,1503,JAMBI,SAROLANGUN,SUMATERA
15,1504,JAMBI,BATANG HARI,SUMATERA
15,1505,JAMBI,MUARO JAMBI,SUMATERA
15,1506,JAMBI,TANJUNG JABUNG TIMUR,SUMATERA
15,1507,JAMBI,TANJUNG JABUNG BARAT,SUMATERA
15,1508,JAMBI,TEBO,SUMATERA
15,1509,JAMBI,BUNGO,SUMATERA
15,1571,JAMBI,KOTA JAMBI,SUMATERA
15,1572,JAMBI,KOTA SUNGAI PENUH,SUMATERA
16,1601,SUMATERA SELATAN,OGAN KOMERING ULU,SUMATERA
16,1602,SUMATERA SELATAN,OGAN KOMERING ILIR,SUMATERA
16,1603,SUMATERA SELATAN,MUARA ENIM,SUMATERA
16,1604,SUMATERA SELATAN,LAHAT,SUMATERA
16,1605,SUMATERA SELATAN,MUSI RAWAS,SUMATERA
16,1606,SUMATERA SELATAN,MUSI BANYUASIN,SUMATERA
16,1607,SUMATERA SELATAN,BANYU ASIN,SUMATERA
16,1608,SUMATERA SELATAN,OGAN KOMERING ULU SELATAN,SUMATERA
16,1609,SUMATERA SELATAN,OGAN KOMERING ULU TIMUR,SUMATERA
16,1610,SUMATERA SELATAN,OGAN ILIR,SUMATERA
16,1611,SUMATERA SELATAN,EMPAT LAWANG,SUMATERA
16,1612,SUMATERA SELATAN,PENUKAL ABAB LEMATANG ILIR,SUMATERA
16,1613,SUMATERA SELATAN,MUSI RAWAS UTARA,SUMATERA
16,1671,SUMATERA SELATAN,KOTA PALEMBANG,SUMATERA
16,1672,SUMATERA SELATAN,KOTA PRABUMULIH,SUMATERA
16,1673,SUMATERA SELATAN,KOTA PAGAR ALAM,SUMATERA
16,1674,SUMATERA SELATAN,KOTA LUBUKLINGGAU,SUMATERA
17,1701,BENGKULU,BENGKULU SELATAN,SUMATERA
17,1702,BENGKULU,REJANG LEBONG,SUMATERA
17,1703,BENGKULU,BENGKULU UTARA,SUMATERA
17,1704,BENGKULU,KAUR,SUMATERA
17,1705,BENGKULU,SELUMA,SUMATERA
17,1706,BENGKULU,MUKOMUKO,SUMATERA
17,1707,BENGKULU,LEBONG,SUMATERA
17,1708,BENGKULU,KEPAHIANG,SUMATERA
17,1709,BENGKULU,BENGKULU TENGAH,SUMATERA
17,1771,BENGKULU,KOTA BENGKULU,SUMATERA
18,1801,LAMPUNG,LAMPUNG BARAT,SUMATERA
18,1802,LAMPUNG,TANGGAMUS,SUMATERA
18,1803,LAMPUNG,LAMPUNG SELATAN,SUMATERA
18,1804,LAMPUNG,LAMPUNG TIMUR,SUMATERA
18,1805,LAMPUNG,LAMPUNG TENGAH,SUMATERA
18,1806,LAMPUNG,LAMPUNG UTARA,SUMATERA
18,1807,LAMPUNG,WAY KANAN,SUMATERA
18,1808,LAMPUNG,TULANGBAWANG,SUMATERA
18,1809,LAMPUNG,PESAWARAN,SUMATERA
18,1810,LAMPUNG,PRINGSEWU,SUMATERA
18,1811,LAMPUNG,MESUJI,SUMATERA
18,1812,LAMPUNG,TULANG BAWANG BARAT,SUMATERA
18,1813,LAMPUNG,PESISIR BARAT,SUMATERA
18,1871,LAMPUNG,KOTA BANDAR LAMPUNG,SUMATERA
18,1872,LAMPUNG,KOTA METRO,SUMATERA
19,1901,KEPULAUAN BANGKA BELITUNG,BANGKA,SUMATERA
19,1902,KEPULAUAN BANGKA BELITUNG,BELITUNG,SUMATERA
19,1903,KEPULAUAN BANGKA BELITUNG,BANGKA BARAT,SUMATERA
19,1904,KEPULAUAN BANGKA BELITUNG,BANGKA TENGAH,SUMATERA
19,1905,KEPULAUAN BANGKA BELITUNG,BANGKA SELATAN,SUMATERA
19,1906,KEPULAUAN BANGKA BELITUNG,BELITUNG TIMUR,SUMATERA
19,1971,KEPULAUAN BANGKA BELITUNG,KOTA PANGKAL PINANG,SUMATERA
21,2101,KEPULAUAN RIAU,KARIMUN,SUMATERA
21,2102,KEPULAUAN RIAU,BINTAN,SUMATERA
21,2103,KEPULAUAN RIAU,NATUNA,SUMATERA
21,2104,KEPULAUAN RIAU,LINGGA,SUMATERA
21,2105,KEPULAUAN RIAU,KEPULAUAN ANAMBAS,SUMATERA
21,2171,KEPULAUAN RIAU,KOTA BATAM,SUMATERA
21,2172,KEPULAUAN RIAU,KOTA TANJUNG PINANG,SUMATERA
31,3101,DKI JAKARTA,KEPULAUAN SERIBU,JAVA & BALI
31,3171,DKI JAKARTA,KOTA JAKARTA SELATAN,JAVA & BALI
31,3172,DKI JAKARTA,KOTA JAKARTA TIMUR,JAVA & BALI
31,3173,DKI JAKARTA,KOTA JAKARTA PUSAT,JAVA & BALI
31,3174,DKI JAKARTA,KOTA JAKARTA BARAT,JAVA & BALI
31,3175,DKI JAKARTA,KOTA JAKARTA UTARA,JAVA & BALI
32,3201,JAWA BARAT,BOGOR,JAVA & BALI
32,3202,JAWA BARAT,SUKABUMI,JAVA & BALI
32,3203,JAWA BARAT,CIANJUR,JAVA & BALI
32,3204,JAWA BARAT,BANDUNG,JAVA & BALI
32,3205,JAWA BARAT,GARUT,JAVA & BALI
32,3206,JAWA BARAT,TASIKMALAYA,JAVA & BALI
32,3207,JAWA BARAT,CIAMIS,JAVA & BALI
32,3208,JAWA BARAT,KUNINGAN,JAVA & BALI
32,3209,JAWA BARAT,CIREBON,JAVA & BALI
32,3210,JAWA BARAT,MAJALENGKA,JAVA & BALI
32,3211,JAWA BARAT,SUMEDANG,JAVA & BALI
32,3212,JAWA BARAT,INDRAMAYU,JAVA & BALI
32,3213,JAWA BARAT,SUBANG,JAVA & BALI
32,3214,JAWA BARAT,PURWAKARTA,JAVA & BALI
32,3215,JAWA BARAT,KARAWANG,JAVA & BALI
32,3216,JAWA BARAT,BEKASI,JAVA & BALI
32,3217,JAWA BARAT,BANDUNG BARAT,JAVA & BALI
32,3218,JAWA BARAT,PANGANDARAN,JAVA & BALI
32,3271,JAWA BARAT,KOTA BOGOR,JAVA & BALI
32,3272,JAWA BARAT,KOTA SUKABUMI,JAVA & BALI
32,3273,JAWA BARAT,KOTA BANDUNG,JAVA & BALI
32,3274,JAWA BARAT,KOTA CIREBON,JAVA & BALI
32,3275,JAWA BARAT,KOTA BEKASI,JAVA & BALI
32,3276,JAWA BARAT,KOTA DEPOK,JAVA & BALI
32,3277,JAWA BARAT,KOTA CIMAHI,JAVA & BALI
32,3278,JAWA BARAT,KOTA TASIKMALAYA,JAVA & BALI
32,3279,JAWA BARAT,KOTA BANJAR,JAVA & BALI
33,3301,JAWA TENGAH,CILACAP,JAVA & BALI
33,3302,JAWA TENGAH,BANYUMAS,JAVA & BALI
33,3303,JAWA TENGAH,PURBALINGGA,JAVA & BALI
33,3304,JAWA TENGAH,BANJARNEGARA,JAVA & BALI
33,3305,JAWA TENGAH,KEBUMEN,JAVA & BALI
33,3306,JAWA TENGAH,PURWOREJO,JAVA & BALI
33,3307,JAWA TENGAH,WONOSOBO,JAVA & BALI
33,3308,JAWA TENGAH,MAGELANG,JAVA & BALI
33,3309,JAWA TENGAH,BOYOLALI,JAVA & BALI
33,3310,JAWA TENGAH,KLATEN,JAVA & BALI
33,3311,JAWA TENGAH,SUKOHARJO,JAVA & BALI
33,3312,JAWA TENGAH,WONOGIRI,JAVA & BALI
33,3313,JAWA TENGAH,KARANGANYAR,JAVA & BALI
33,3314,JAWA TENGAH,SRAGEN,JAVA & BALI
33,3315,JAWA TENGAH,GROBOGAN,JAVA & BALI
33,3316,JAWA TENGAH,BLORA,JAVA & BALI
33,3317,JAWA TENGAH,REMBANG,JAVA & BALI
33,3318,JAWA TENGAH,PATI,JAVA & BALI
33,3319,JAWA TENGAH,KUDUS,JAVA & BALI
33,3320,JAWA TENGAH,JEPARA,JAVA & BALI
33,3321,JAWA TENGAH,DEMAK,JAVA & BALI
33,3322,JAWA TENGAH,SEMARANG,JAVA & BALI
33,3323,JAWA TENGAH,TEMANGGUNG,JAVA & BALI
33,3324,JAWA TENGAH,KENDAL,JAVA & BALI
33,3325,JAWA TENGAH,BATANG,JAVA & BALI
33,3326,JAWA TENGAH,PEKALONGAN,JAVA & BALI
33,3327,JAWA TENGAH,PEMALANG,JAVA & BALI
33,3328,JAWA TENGAH,TEGAL,JAVA & BALI
33,3329,JAWA TENGAH,BREBES,JAVA & BALI
33,3371,JAWA TENGAH,KOTA MAGELANG,JAVA & BALI
33,3372,JAWA TENGAH,KOTA SURAKARTA,JAVA & BALI
33,3373,JAWA TENGAH,KOTA SALATIGA,JAVA & BALI
33,3374,JAWA TENGAH,KOTA SEMARANG,JAVA & BALI
33,3375,JAWA TENGAH,KOTA PEKALONGAN,JAVA & BALI
33,3376,JAWA TENGAH,KOTA TEGAL,JAVA & BALI
34,3401,DAERAH ISTIMEWA YOGYAKARTA,KULON PROGO,JAVA & BALI
34,3402,DAERAH ISTIMEWA YOGYAKARTA,BANTUL,JAVA & BALI
34,3403,DAERAH ISTIMEWA YOGYAKARTA,GUNUNG KIDUL,JAVA & BALI
34,3404,DAERAH ISTIMEWA YOGYAKARTA,SLEMAN,JAVA & BALI
34,3471,DAERAH ISTIMEWA YOGYAKARTA,KOTA YOGYAKARTA,JAVA & BALI
35,3501,JAWA TIMUR,PACITAN,JAVA & BALI
35,3502,JAWA TIMUR,PONOROGO,JAVA & BALI
35,3503,JAWA TIMUR,TRENGGALEK,JAVA & BALI
35,3504,JAWA TIMUR,TULUNGAGUNG,JAVA & BALI
35,3505,JAWA TIMUR,BLITAR,JAVA & BALI
35,3506,JAWA TIMUR,KEDIRI,JAVA & BALI
35,3507,JAWA TIMUR,MALANG,JAVA & BALI
35,3508,JAWA TIMUR,LUMAJANG,JAVA & BALI
35,3509,JAWA TIMUR,JEMBER,JAVA & BALI
35,3510,JAWA TIMUR,BANYUWANGI,JAVA & BALI
35,3511,JAWA TIMUR,BONDOWOSO,JAVA & BALI
35,3512,JAWA TIMUR,SITUBONDO,JAVA & BALI
35,3513,JAWA TIMUR,PROBOLINGGO,JAVA & BALI
35,3514,JAWA TIMUR,PASURUAN,JAVA & BALI
35,3515,JAWA TIMUR,SIDOARJO,JAVA & BALI
35,3516,JAWA TIMUR,MOJOKERTO,JAVA & BALI
35,3517,JAWA TIMUR,JOMBANG,JAVA & BALI
35,3518,JAWA TIMUR,NGANJUK,JAVA & BALI
35,3519,JAWA TIMUR,MADIUN,JAVA & BALI
35,3520,JAWA TIMUR,MAGETAN,JAVA & BALI
35,3521,JAWA TIMUR,NGAWI,JAVA & BALI
35,3522,JAWA TIMUR,BOJONEGORO,JAVA & BALI
35,3523,JAWA TIMUR,TUBAN,JAVA & BALI
35,3524,JAWA TIMUR,LAMONGAN,JAVA & BALI
35,3525,JAWA TIMUR,GRESIK,JAVA & BALI
35,3526,JAWA TIMUR,BANGKALAN,JAVA & BALI
35,3527,JAWA TIMUR,SAMPANG,JAVA & BALI
35,3528,JAWA TIMUR,PAMEKASAN,JAVA & BALI
35,3529,JAWA TIMUR,SUMENEP,JAVA & BALI
35,3571,JAWA TIMUR,KOTA KEDIRI,JAVA & BALI
35,3572,JAWA TIMUR,KOTA BLITAR,JAVA & BALI
35,3573,JAWA TIMUR,KOTA MALANG,JAVA & BALI
35,3574,JAWA TIMUR,KOTA PROBOLINGGO,JAVA & BALI
35,3575,JAWA TIMUR,KOTA PASURUAN,JAVA & BALI
35,3576,JAWA TIMUR,KOTA MOJOKERTO,JAVA & BALI
35,3577,JAWA TIMUR,KOTA MADIUN,JAVA & BALI
35,3578,JAWA TIMUR,KOTA SURABAYA,JAVA & BALI
35,3579,JAWA TIMUR,KOTA BATU,JAVA & BALI
36,3601,BANTEN,PANDEGLANG,JAVA & BALI
36,3602,BANTEN,LEBAK,JAVA & BALI
36,3603,BANTEN,TANGERANG,JAVA & BALI
36,3604,BANTEN,SERANG,JAVA & BALI
36,3671,BANTEN,KOTA TANGERANG,JAVA & BALI
36,3672,BANTEN,KOTA CILEGON,JAVA & BALI
36,3673,BANTEN,KOTA SERANG,JAVA & BALI
36,3674,BANTEN,KOTA TANGERANG SELATAN,JAVA & BALI
51,5101,BALI,JEMBRANA,JAVA & BALI
51,5102,BALI,TABANAN,JAVA & BALI
51,5103,BALI,BADUNG,JAVA & BALI
51,5104,BALI,GIANYAR,JAVA & BALI
51,5105,BALI,KLUNGKUNG,JAVA & BALI
51,5106,BALI,BANGLI,JAVA & BALI
51,5107,BALI,KARANG ASEM,JAVA & BALI
51,5108,BALI,BULELENG,JAVA & BALI
51,5171,BALI,KOTA DENPASAR,JAVA & BALI
52,5201,NUSA TENGGARA BARAT,LOMBOK BARAT,NUSA TENGGARA
52,5202,NUSA TENGGARA BARAT,LOMBOK TENGAH,NUSA TENGGARA
52,5203,NUSA TENGGARA BARAT,LOMBOK TIMUR,NUSA TENGGARA
52,5204,NUSA TENGGARA BARAT,SUMBAWA,NUSA TENGGARA
52,5205,NUSA TENGGARA BARAT,DOMPU,NUSA TENGGARA
52,5206,NUSA TENGGARA BARAT,BIMA,NUSA TENGGARA
52,5207,NUSA TENGGARA BARAT,SUMBAWA BARAT,NUSA TENGGARA
52,5208,NUSA TENGGARA BARAT,LOMBOK UTARA,NUSA TENGGARA
52,5271,NUSA TENGGARA BARAT,KOTA MATARAM,NUSA TENGGARA
52,5272,NUSA TENGGARA BARAT,KOTA BIMA,NUSA TENGGARA
53,5301,NUSA TENGGARA TIMUR,SUMBA BARAT,NUSA TENGGARA
53,5302,NUSA TENGGARA TIMUR,SUMBA TIMUR,NUSA TENGGARA
53,5303,NUSA TENGGARA TIMUR,KUPANG,NUSA TENGGARA
53,5304,NUSA TENGGARA TIMUR,TIMOR TENGAH SELATAN,NUSA TENGGARA
53,5305,NUSA TENGGARA TIMUR,TIMOR TENGAH UTARA,NUSA TENGGARA
53,5306,NUSA TENGGARA TIMUR,BELU,NUSA TENGGARA
53,5307,NUSA TENGGARA TIMUR,ALOR,NUSA TENGGARA
53,5308,NUSA TENGGARA TIMUR,LEMBATA,NUSA TENGGARA
53,5309,NUSA TENGGARA TIMUR,FLORES TIMUR,NUSA TENGGARA
53,5310,NUSA TENGGARA TIMUR,SIKKA,NUSA TENGGARA
53,5311,NUSA TENGGARA TIMUR,ENDE,NUSA TENGGARA
53,5312,NUSA TENGGARA TIMUR,NGADA,NUSA TENGGARA
53,5313,NUSA TENGGARA TIMUR,MANGGARAI,NUSA TENGGARA
53,5314,NUSA TENGGARA TIMUR,ROTE NDAO,NUSA TENGGARA
53,5315,NUSA TENGGARA TIMUR,MANGGARAI BARAT,NUSA TENGGARA
53,5316,NUSA TENGGARA TIMUR,SUMBA TENGAH,NUSA TENGGARA
53,5317,NUSA TENGGARA TIMUR,SUMBA BARAT DAYA,NUSA TENGGARA
53,5318,NUSA TENGGARA TIMUR,NAGEKEO,NUSA TENGGARA
53,5319,NUSA TENGGARA TIMUR,MANGGARAI TIMUR,NUSA TENGGARA
53,5320,NUSA TENGGARA TIMUR,SABU RAIJUA,NUSA TENGGARA
53,5321,NUSA TENGGARA TIMUR,MALAKA,NUSA TENGGARA
53,5371,NUSA TENGGARA TIMUR,KOTA KUPANG,NUSA TENGGARA
61,6101,KALIMANTAN BARAT,SAMBAS,KALIMANTAN
61,6102,KALIMANTAN BARAT,BENGKAYANG,KALIMANTAN
61,6103,KALIMANTAN BARAT,LANDAK,KALIMANTAN
61,6104,KALIMANTAN BARAT,MEMPAWAH,KALIMANTAN
61,6105,KALIMANTAN BARAT,SANGGAU,KALIMANTAN
61,6106,KALIMANTAN BARAT,KETAPANG,KALIMANTAN
61,6107,KALIMANTAN BARAT,SINTANG,KALIMANTAN
61,6108,KALIMANTAN BARAT,KAPUAS HULU,KALIMANTAN
61,6109,KALIMANTAN BARAT,SEKADAU,KALIMANTAN
61,6110,KALIMANTAN BARAT,MELAWI,KALIMANTAN
61,6111,KALIMANTAN BARAT,KAYONG UTARA,KALIMANTAN
61,6112,KALIMANTAN BARAT,KUBU RAYA,KALIMANTAN
61,6171,KALIMANTAN BARAT,KOTA PONTIANAK,KALIMANTAN
61,6172,KALIMANTAN BARAT,KOTA SINGKAWANG,KALIMANTAN
62,6201,KALIMANTAN TENGAH,KOTAWARINGIN BARAT,KALIMANTAN
62,6202,KALIMANTAN TENGAH,KOTAWARINGIN TIMUR,KALIMANTAN
62,6203,KALIMANTAN TENGAH,KAPUAS,KALIMANTAN
62,6204,KALIMANTAN TENGAH,BARITO SELATAN,KALIMANTAN
62,6205,KALIMANTAN TENGAH,BARITO UTARA,KALIMANTAN
62,6206,KALIMANTAN TENGAH,SUKAMARA,KALIMANTAN
62,6207,KALIMANTAN TENGAH,LAMANDAU,KALIMANTAN
62,6208,KALIMANTAN TENGAH,SERUYAN,KALIMANTAN
62,6209,KALIMANTAN TENGAH,KATINGAN,KALIMANTAN
62,6210,KALIMANTAN TENGAH,PULANG PISAU,KALIMANTAN
62,6211,KALIMANTAN TENGAH,GUNUNG MAS,KALIMANTAN
62,6212,KALIMANTAN TENGAH,BARITO TIMUR,KALIMANTAN
62,6213,KALIMANTAN TENGAH,MURUNG RAYA,KALIMANTAN
62,6271,KALIMANTAN TENGAH,KOTA PALANGKA RAYA,KALIMANTAN
63,6301,KALIMANTAN SELATAN,TANAH LAUT,KALIMANTAN
63,6302,KALIMANTAN SELATAN,KOTA BARU,KALIMANTAN
63,6303,KALIMANTAN SELATAN,BANJAR,KALIMANTAN
63,6304,KALIMANTAN SELATAN,BARITO KUALA,KALIMANTAN
63,6305,KALIMANTAN SELATAN,TAPIN,KALIMANTAN
63,6306,KALIMANTAN SELATAN,HULU SUNGAI SELATAN,KALIMANTAN
63,6307,KALIMANTAN SELATAN,HULU SUNGAI TENGAH,KALIMANTAN
63,6308,KALIMANTAN SELATAN,HULU SUNGAI UTARA,KALIMANTAN
63,6309,KALIMANTAN SELATAN,TABALONG,KALIMANTAN
63,6310,KALIMANTAN SELATAN,TANAH BUMBU,KALIMANTAN
63,6311,KALIMANTAN SELATAN,BALANGAN,KALIMANTAN
63,6371,KALIMANTAN SELATAN,KOTA BANJARMASIN,KALIMANTAN
63,6372,KALIMANTAN SELATAN,KOTA BANJAR BARU,KALIMANTAN
64,6401,KALIMANTAN TIMUR,PASER,KALIMANTAN
64,6402,KALIMANTAN TIMUR,KUTAI BARAT,KALIMANTAN
64,6403,KALIMANTAN TIMUR,KUTAI KARTANEGARA,KALIMANTAN
64,6404,KALIMANTAN TIMUR,KUTAI TIMUR,KALIMANTAN
64,6405,KALIMANTAN TIMUR,BERAU,KALIMANTAN
64,6409,KALIMANTAN TIMUR,PENAJAM PASER UTARA,KALIMANTAN
64,6411,KALIMANTAN TIMUR,MAHAKAM HULU,KALIMANTAN
64,6471,KALIMANTAN TIMUR,KOTA BALIKPAPAN,KALIMANTAN
64,6472,KALIMANTAN TIMUR,KOTA SAMARINDA,KALIMANTAN
64,6474,KALIMANTAN TIMUR,KOTA BONTANG,KALIMANTAN
65,6501,KALIMANTAN UTARA,MALINAU,KALIMANTAN
65,6502,KALIMANTAN UTARA,BULUNGAN,KALIMANTAN
65,6503,KALIMANTAN UTARA,TANA TIDUNG,KALIMANTAN
65,6504,KALIMANTAN UTARA,NUNUKAN,KALIMANTAN
65,6571,KALIMANTAN UTARA,KOTA TARAKAN,KALIMANTAN
71,7101,SULAWESI UTARA,BOLAANG MONGONDOW,SULAWESI
71,7102,SULAWESI UTARA,MINAHASA,SULAWESI
71,7103,SULAWESI UTARA,KEPULAUAN SANGIHE,SULAWESI
71,7104,SULAWESI UTARA,KEPULAUAN TALAUD,SULAWESI
71,7105,SULAWESI UTARA,MINAHASA SELATAN,SULAWESI
71,7106,SULAWESI UTARA,MINAHASA UTARA,SULAWESI
71,7107,SULAWESI UTARA,BOLAANG MONGONDOW UTARA,SULAWESI
71,7108,SULAWESI UTARA,SIAU TAGULANDANG BIARO,SULAWESI
71,7109,SULAWESI UTARA,MINAHASA TENGGARA,SULAWESI
71,7110,SULAWESI UTARA,BOLAANG MONGONDOW SELATAN,SULAWESI
71,7111,SULAWESI UTARA,BOLAANG MONGONDOW TIMUR,SULAWESI
71,7171,SULAWESI UTARA,KOTA MANADO,SULAWESI
71,7172,SULAWESI UTARA,KOTA BITUNG,SULAWESI
71,7173,SULAWESI UTARA,KOTA TOMOHON,SULAWESI
71,7174,SULAWESI UTARA,KOTA KOTAMOBAGU,SULAWESI
72,7201,SULAWESI TENGAH,BANGGAI KEPULAUAN,SULAWESI
72,7202,SULAWESI TENGAH,BANGGAI,SULAWESI
72,7203,SULAWESI TENGAH,MOROWALI,SULAWESI
72,7204,SULAWESI TENGAH,POSO,SULAWESI
72,7205,SULAWESI TENGAH,DONGGALA,SULAWESI
72,7206,SULAWESI TENGAH,TOLI-TOLI,SULAWESI
72,7207,SULAWESI TENGAH,BUOL,SULAWESI
72,7208,SULAWESI TENGAH,PARIGI MOUTONG,SULAWESI
72,7209,SULAWESI TENGAH,TOJO UNA-UNA,SULAWESI
72,7210,SULAWESI TENGAH,SIGI,SULAWESI
72,7211,SULAWESI TENGAH,BANGGAI LAUT,SULAWESI
72,7212,SULAWESI TENGAH,MOROWALI UTARA,SULAWESI
72,7271,SULAWESI TENGAH,KOTA PALU,SULAWESI
73,7301,SULAWESI SELATAN,KEPULAUAN SELAYAR,SULAWESI
73,7302,SULAWESI SELATAN,BULUKUMBA,SULAWESI
73,7303,SULAWESI SELATAN,BANTAENG,SULAWESI
73,7304,SULAWESI SELATAN,JENEPONTO,SULAWESI
73,7305,SULAWESI SELATAN,TAKALAR,SULAWESI
73,7306,SULAWESI SELATAN,GOWA,SULAWESI
73,7307,SULAWESI SELATAN,SINJAI,SULAWESI
73,7308,SULAWESI SELATAN,MAROS,SULAWESI
73,7309,SULAWESI SELATAN,PANGKAJENE DAN KEPULAUAN,SULAWESI
73,7310,SULAWESI SELATAN,BARRU,SULAWESI
73,7311,SULAWESI SELATAN,BONE,SULAWESI
73,7312,SULAWESI SELATAN,SOPPENG,SULAWESI
73,7313,SULAWESI SELATAN,WAJO,SULAWESI
73,7314,SULAWESI SELATAN,SIDENRENG RAPPANG,SULAWESI
73,7315,SULAWESI SELATAN,PINRANG,SULAWESI
73,7316,SULAWESI SELATAN,ENREKANG,SULAWESI
73,7317,SULAWESI SELATAN,LUWU,SULAWESI
73,7318,SULAWESI SELATAN,TANA TORAJA,SULAWESI
73,7322,SULAWESI SELATAN,LUWU UTARA,SULAWESI
73,7325,SULAWESI SELATAN,LUWU TIMUR,SULAWESI
73,7326,SULAWESI SELATAN,TORAJA UTARA,SULAWESI
73,7371,SULAWESI SELATAN,KOTA MAKASSAR,SULAWESI
73,7372,SULAWESI SELATAN,KOTA PAREPARE,SULAWESI
73,7373,SULAWESI SELATAN,KOTA PALOPO,SULAWESI
74,7401,SULAWESI TENGGARA,BUTON,SULAWESI
74,7402,SULAWESI TENGGARA,MUNA,SULAWESI
74,7403,SULAWESI TENGGARA,KONAWE,SULAWESI
74,7404,SULAWESI TENGGARA,KOLAKA,SULAWESI
74,7405,SULAWESI TENGGARA,KONAWE SELATAN,SULAWESI
74,7406,SULAWESI TENGGARA,BOMBANA,SULAWESI
74,7407,SULAWESI TENGGARA,WAKATOBI,SULAWESI
74,7408,SULAWESI TENGGARA,KOLAKA UTARA,SULAWESI
74,7409,SULAWESI TENGGARA,BUTON UTARA,SULAWESI
74,7410,SULAWESI TENGGARA,KONAWE UTARA,SULAWESI
74,7411,SULAWESI TENGGARA,KOLAKA TIMUR,SULAWESI
74,7412,SULAWESI TENGGARA,KONAWE KEPULAUAN,SULAWESI
74,7413,SULAWESI TENGGARA,MUNA BARAT,SULAWESI
74,7414,SULAWESI TENGGARA,BUTON TENGAH,SULAWESI
74,7415,SULAWESI TENGGARA,BUTON SELATAN,SULAWESI
74,7471,SULAWESI TENGGARA,KOTA KENDARI,SULAWESI
74,7472,SULAWESI TENGGARA,KOTA BAUBAU,SULAWESI
75,7501,GORONTALO,BOALEMO,SULAWESI
75,7502,GORONTALO,GORONTALO,SULAWESI
75,7503,GORONTALO,POHUWATO,SULAWESI
75,7504,GORONTALO,BONE BOLANGO,SULAWESI
75,7505,GORONTALO,GORONTALO UTARA,SULAWESI
75,7571,GORONTALO,KOTA GORONTALO,SULAWESI
76,7601,SULAWESI BARAT,MAJENE,SULAWESI
76,7602,SULAWESI BARAT,POLEWALI MANDAR,SULAWESI
76,7603,SULAWESI BARAT,MAMASA,SULAWESI
76,7604,SULAWESI BARAT,MAMUJU,SULAWESI
76,7605,SULAWESI BARAT,MAMUJU UTARA,SULAWESI
76,7606,SULAWESI BARAT,MAMUJU TENGAH,SULAWESI
81,8101,MALUKU,MALUKU TENGGARA BARAT,MALUKU
81,8102,MALUKU,MALUKU TENGGARA,MALUKU
81,8103,MALUKU,MALUKU TENGAH,MALUKU
81,8104,MALUKU,BURU,MALUKU
81,8105,MALUKU,KEPULAUAN ARU,MALUKU
81,8106,MALUKU,SERAM BAGIAN BARAT,MALUKU
81,8107,MALUKU,SERAM BAGIAN TIMUR,MALUKU
81,8108,MALUKU,MALUKU BARAT DAYA,MALUKU
81,8109,MALUKU,BURU SELATAN,MALUKU
81,8171,MALUKU,KOTA AMBON,MALUKU
81,8172,MALUKU,KOTA TUAL,MALUKU
82,8201,MALUKU UTARA,HALMAHERA BARAT,MALUKU
82,8202,MALUKU UTARA,HALMAHERA TENGAH,MALUKU
82,8203,MALUKU UTARA,KEPULAUAN SULA,MALUKU
82,8204,MALUKU UTARA,HALMAHERA SELATAN,MALUKU
82,8205,MALUKU UTARA,HALMAHERA UTARA,MALUKU
82,8206,MALUKU UTARA,HALMAHERA TIMUR,MALUKU
82,8207,MALUKU UTARA,PULAU MOROTAI,MALUKU
82,8208,MALUKU UTARA,PULAU TALIABU,MALUKU
82,8271,MALUKU UTARA,KOTA TERNATE,MALUKU
82,8272,MALUKU UTARA,KOTA TIDORE KEPULAUAN,MALUKU
91,9101,PAPUA BARAT,FAKFAK,PAPUA
91,9102,PAPUA BARAT,KAIMANA,PAPUA
91,9103,PAPUA BARAT,TELUK WONDAMA,PAPUA
91,9104,PAPUA BARAT,TELUK BINTUNI,PAPUA
91,9105,PAPUA BARAT,MANOKWARI,PAPUA
91,9106,PAPUA BARAT,SORONG SELATAN,PAPUA
91,9107,PAPUA BARAT,SORONG,PAPUA
91,9108,PAPUA BARAT,RAJA AMPAT,PAPUA
91,9109,PAPUA BARAT,TAMBRAUW,PAPUA
91,9110,PAPUA BARAT,MAYBRAT,PAPUA
91,9111,PAPUA BARAT,MANOKWARI SELATAN,PAPUA
91,9112,PAPUA BARAT,PEGUNUNGAN ARFAK,PAPUA
91,9171,PAPUA BARAT,KOTA SORONG,PAPUA
94,9401,PAPUA,MERAUKE,PAPUA
94,9402,PAPUA,JAYAWIJAYA,PAPUA
94,9403,PAPUA,JAYAPURA,PAPUA
94,9404,PAPUA,NABIRE,PAPUA
94,9408,PAPUA,KEPULAUAN YAPEN,PAPUA
94,9409,PAPUA,BIAK NUMFOR,PAPUA
94,9410,PAPUA,PANIAI,PAPUA
94,9411,PAPUA,PUNCAK JAYA,PAPUA
94,9412,PAPUA,MIMIKA,PAPUA
94,9413,PAPUA,BOVEN DIGOEL,PAPUA
94,9414,PAPUA,MAPPI,PAPUA
94,9415,PAPUA,ASMAT,PAPUA
94,9416,PAPUA,YAHUKIMO,PAPUA
94,9417,PAPUA,PEGUNUNGAN BINTANG,PAPUA
94,9418,PAPUA,TOLIKARA,PAPUA
94,9419,PAPUA,SARMI,PAPUA
94,9420,PAPUA,KEEROM,PAPUA
94,9426,PAPUA,WAROPEN,PAPUA
94,9427,PAPUA,SUPIORI,PAPUA
94,9428,PAPUA,MAMBERAMO RAYA,PAPUA
94,9429,PAPUA,NDUGA,PAPUA
94,9430,PAPUA,LANNY JAYA,PAPUA
94,9431,PAPUA,MAMBERAMO TENGAH,PAPUA
94,9432,PAPUA,YALIMO,PAPUA
94,9433,PAPUA,PUNCAK,PAPUA
94,9434,PAPUA,DOGIYAI,PAPUA
94,9435,PAPUA,INTAN JAYA,PAPUA
94,9436,PAPUA,DEIYAI,PAPUA
94,9471,PAPUA,KOTA JAYAPURA,PAPUA
